module_id,states,frontend,api,service,worker,domain,report,tests_evidence,other_layers
assets.static-evidence,static-evidence-or-asset,projects/web-main/frontend/assets/analysis-erp.png | projects/web-main/frontend/assets/analysis-erp.svg | projects/web-main/frontend/assets/analysis-ica.png | projects/web-main/frontend/assets/analysis-ica.svg | projects/web-main/frontend/assets/analysis-ml.png | projects/web-main/frontend/assets/analysis-ml.svg | projects/web-main/frontend/assets/analysis-psd.png | projects/web-main/frontend/assets/analysis-psd.svg | projects/web-main/frontend/assets/analysis-raw-segment.png | projects/web-main/frontend/assets/analysis-raw-segment.svg | projects/web-main/frontend/assets/analysis-source.png | projects/web-main/frontend/assets/analysis-source.svg | projects/web-main/frontend/assets/analysis-timefreq.png | projects/web-main/frontend/assets/analysis-timefreq.svg | projects/web-main/frontend/assets/analysis_manifest.json | projects/web-main/frontend/assets/bandpower_long_format.csv | projects/web-main/frontend/assets/customer_oddball_case/customer_analysis_manifest.json | projects/web-main/frontend/assets/customer_oddball_case/customer_analysis_reference_manifest.json | projects/web-main/frontend/assets/customer_oddball_case/customer_figure_caption.txt | projects/web-main/frontend/assets/customer_oddball_case/customer_methods.txt | projects/web-main/frontend/assets/customer_oddball_case/customer_oddball_erp_pz.png | projects/web-main/frontend/assets/customer_oddball_case/customer_oddball_p300_topomap.png | projects/web-main/frontend/assets/customer_oddball_case/customer_oddball_run_summary.json | projects/web-main/frontend/assets/customer_oddball_case/customer_statistics_summary.csv | projects/web-main/frontend/assets/customer_oddball_case/customer_subject_level_metrics.csv | projects/web-main/frontend/assets/customer_oddball_case/sub-001_events.tsv | projects/web-main/frontend/assets/customer_oddball_case/sub-002_events.tsv | projects/web-main/frontend/assets/figure_caption.txt | projects/web-main/frontend/assets/high_concurrency_architecture.json | projects/web-main/frontend/assets/high_concurrency_capacity_model.csv | projects/web-main/frontend/assets/high_concurrency_playbook.md | projects/web-main/frontend/assets/methods_snippet.txt | projects/web-main/frontend/assets/paradigm_benchmark/auditory_assr_40hz/auditory_assr_40hz_events.tsv | projects/web-main/frontend/assets/paradigm_benchmark/auditory_assr_40hz/metadata.json | projects/web-main/frontend/assets/paradigm_benchmark/auditory_mmn/auditory_mmn_events.tsv | projects/web-main/frontend/assets/paradigm_benchmark/auditory_mmn/metadata.json | projects/web-main/frontend/assets/paradigm_benchmark/auditory_oddball_p300/auditory_oddball_p300_events.tsv | projects/web-main/frontend/assets/paradigm_benchmark/auditory_oddball_p300/metadata.json | projects/web-main/frontend/assets/paradigm_benchmark/emotional_lpp/emotional_lpp_events.tsv | projects/web-main/frontend/assets/paradigm_benchmark/emotional_lpp/metadata.json | projects/web-main/frontend/assets/paradigm_benchmark/error_related_negativity/error_related_negativity_events.tsv | projects/web-main/frontend/assets/paradigm_benchmark/error_related_negativity/metadata.json | projects/web-main/frontend/assets/paradigm_benchmark/expert_reviewer_report.md | projects/web-main/frontend/assets/paradigm_benchmark/face_n170/face_n170_events.tsv | projects/web-main/frontend/assets/paradigm_benchmark/face_n170/metadata.json | projects/web-main/frontend/assets/paradigm_benchmark/flanker_conflict_ern/flanker_conflict_ern_events.tsv | projects/web-main/frontend/assets/paradigm_benchmark/flanker_conflict_ern/metadata.json | projects/web-main/frontend/assets/paradigm_benchmark/go_nogo_inhibition/go_nogo_inhibition_events.tsv | projects/web-main/frontend/assets/paradigm_benchmark/go_nogo_inhibition/metadata.json | projects/web-main/frontend/assets/paradigm_benchmark/meditation_alpha_theta/meditation_alpha_theta_events.tsv | projects/web-main/frontend/assets/paradigm_benchmark/meditation_alpha_theta/metadata.json | projects/web-main/frontend/assets/paradigm_benchmark/motor_execution_mrp/metadata.json | projects/web-main/frontend/assets/paradigm_benchmark/motor_execution_mrp/motor_execution_mrp_events.tsv | projects/web-main/frontend/assets/paradigm_benchmark/motor_imagery_lr/metadata.json | projects/web-main/frontend/assets/paradigm_benchmark/motor_imagery_lr/motor_imagery_lr_events.tsv | projects/web-main/frontend/assets/paradigm_benchmark/nback_working_memory/metadata.json | projects/web-main/frontend/assets/paradigm_benchmark/nback_working_memory/nback_working_memory_events.tsv | projects/web-main/frontend/assets/paradigm_benchmark/paradigm_benchmark_results.csv | projects/web-main/frontend/assets/paradigm_benchmark/paradigm_index.json | projects/web-main/frontend/assets/paradigm_benchmark/rest_eyes_open_closed/metadata.json | projects/web-main/frontend/assets/paradigm_benchmark/rest_eyes_open_closed/rest_eyes_open_closed_events.tsv | projects/web-main/frontend/assets/paradigm_benchmark/semantic_n400/metadata.json | projects/web-main/frontend/assets/paradigm_benchmark/semantic_n400/semantic_n400_events.tsv | projects/web-main/frontend/assets/paradigm_benchmark/sleep_spindle_kcomplex/metadata.json | projects/web-main/frontend/assets/paradigm_benchmark/sleep_spindle_kcomplex/sleep_spindle_kcomplex_events.tsv | projects/web-main/frontend/assets/paradigm_benchmark/somatosensory_sep/metadata.json | projects/web-main/frontend/assets/paradigm_benchmark/somatosensory_sep/somatosensory_sep_events.tsv | projects/web-main/frontend/assets/paradigm_benchmark/ssvep_frequency_tagging/metadata.json | projects/web-main/frontend/assets/paradigm_benchmark/ssvep_frequency_tagging/ssvep_frequency_tagging_events.tsv | projects/web-main/frontend/assets/paradigm_benchmark/stroop_conflict/metadata.json | projects/web-main/frontend/assets/paradigm_benchmark/stroop_conflict/stroop_conflict_events.tsv | projects/web-main/frontend/assets/paradigm_benchmark/visual_oddball_p300/metadata.json | projects/web-main/frontend/assets/paradigm_benchmark/visual_oddball_p300/visual_oddball_p300_events.tsv | projects/web-main/frontend/assets/paradigm_benchmark/visual_search_n2pc/metadata.json | projects/web-main/frontend/assets/paradigm_benchmark/visual_search_n2pc/visual_search_n2pc_events.tsv | projects/web-main/frontend/assets/pipeline_config.json | projects/web-main/frontend/assets/publication-bandpower-statistics.png | projects/web-main/frontend/assets/publication-erp-grand-average.png | projects/web-main/frontend/assets/publication-main-figure.png | projects/web-main/frontend/assets/publication-qc-dashboard.png | projects/web-main/frontend/assets/qlanalyser-neuron-firing-bg.png | projects/web-main/frontend/assets/research-modules/figures/analysis-erp.png | projects/web-main/frontend/assets/research-modules/figures/analysis-ica.png | projects/web-main/frontend/assets/research-modules/figures/analysis-psd.png | projects/web-main/frontend/assets/research-modules/figures/analysis-raw-segment.png | projects/web-main/frontend/assets/research-modules/figures/analysis-source.png | projects/web-main/frontend/assets/research-modules/figures/analysis-timefreq.png | projects/web-main/frontend/assets/research-modules/figures/erp-grand-average-publication.png | projects/web-main/frontend/assets/research-modules/figures/overview-main-figure.png | projects/web-main/frontend/assets/research-modules/figures/psd-bandpower-publication.png | projects/web-main/frontend/assets/research-modules/figures/publication-main-figure.png | projects/web-main/frontend/assets/research-modules/figures/qc-dashboard-publication.png | projects/web-main/frontend/assets/research-modules/figures/qlanalyser-neuron-firing-bg.png | projects/web-main/frontend/assets/research-modules/reproducibility/caption_erp.txt | projects/web-main/frontend/assets/research-modules/reproducibility/caption_psd.txt | projects/web-main/frontend/assets/research-modules/reproducibility/caption_qc.txt | projects/web-main/frontend/assets/research-modules/reproducibility/methods_erp.txt | projects/web-main/frontend/assets/research-modules/reproducibility/methods_psd.txt | projects/web-main/frontend/assets/research-modules/reproducibility/methods_qc.txt | projects/web-main/frontend/assets/research-modules/reproducibility/mne_research_reference.json | projects/web-main/frontend/assets/research-modules/reproducibility/parameters_connectivity.json | projects/web-main/frontend/assets/research-modules/reproducibility/parameters_erp.json | projects/web-main/frontend/assets/research-modules/reproducibility/parameters_pac.json | projects/web-main/frontend/assets/research-modules/reproducibility/parameters_psd.json | projects/web-main/frontend/assets/research-modules/reproducibility/parameters_qc.json | projects/web-main/frontend/assets/research-modules/reproducibility/parameters_tfr.json | projects/web-main/frontend/assets/research-modules/reproducibility/research_module_manifest.json | projects/web-main/frontend/assets/research-modules/reproducibility/research_reviewer_checklist.json | projects/web-main/frontend/assets/research-modules/reproducibility/summary_erp.json | projects/web-main/frontend/assets/research-modules/reproducibility/summary_psd.json | projects/web-main/frontend/assets/research-modules/reproducibility/summary_qc.json | projects/web-main/frontend/assets/research-modules/reproducibility/synthetic_research_metadata.json | projects/web-main/frontend/assets/research-modules/tables/erp_component_metrics.csv | projects/web-main/frontend/assets/research-modules/tables/psd_bandpower_long_format.csv | projects/web-main/frontend/assets/research-modules/tables/qc_subject_summary.csv | projects/web-main/frontend/assets/research-modules/tables/statistics_summary_subject_level.csv | projects/web-main/frontend/assets/research-modules/tables/synthetic_subject_level_metrics.csv | projects/web-main/frontend/assets/reviewer_checklist.json | projects/web-main/frontend/assets/statistics_summary.csv | projects/web-main/frontend/assets/subject_level_metrics.csv | projects/web-main/frontend/assets/synthetic_8ch_120s_events.tsv | projects/web-main/frontend/assets/teaching_oddball_events.tsv | projects/web-main/frontend/assets/upload_benchmark_estimates.csv | projects/web-main/frontend/assets/upload_storage_architecture.json | projects/web-main/frontend/assets/upload_storage_playbook.md | projects/web-main/frontend/assets/user_journey_editor_acceptance.md,,,,,,,
feature.analysis-other,implemented-or-supporting,,,,,projects/web-main/eeg_core/analysis/__init__.py,,,
feature.band-power,implemented-or-supporting,,,,,projects/web-main/eeg_core/analysis/band_power.py,,,
feature.connectivity,implemented-or-supporting,projects/web-main/frontend/research-module/connectivity.html,,,,projects/web-main/eeg_core/analysis/connectivity.py,,,
feature.data-preparation,implemented-or-supporting,,projects/web-main/backend/api/data_preparation.py,projects/web-main/backend/services/data_preparation_service.py,,,,,model-contract
feature.epilepsy,implemented-or-supporting,projects/web-main/frontend/epilepsy-full-flow-preview.css | projects/web-main/frontend/epilepsy-full-flow-preview.html | projects/web-main/frontend/epilepsy-full-flow-preview.js | projects/web-main/frontend/epilepsy-report-preview.css | projects/web-main/frontend/epilepsy-report-preview.html | projects/web-main/frontend/epilepsy-report-preview.js | projects/web-main/frontend/epilepsy-review-preview.css | projects/web-main/frontend/epilepsy-review-preview.html | projects/web-main/frontend/epilepsy-review-preview.js | projects/web-main/frontend/epilepsy-workbench.css | projects/web-main/frontend/epilepsy-workbench.html | projects/web-main/frontend/epilepsy-workbench.js,projects/web-main/backend/api/epilepsy_phase_validator.py | projects/web-main/backend/api/epilepsy_workbench.py | projects/web-main/backend/api/lab_epilepsy_full_flow.py | projects/web-main/backend/api/test_epilepsy_phase_validator.py,,projects/web-main/worker/tasks/epilepsy.py,projects/web-main/eeg_core/analysis/epilepsy.py,,projects/web-main/scripts/acceptance_epilepsy_cloud_trial_upload_contract.py | projects/web-main/scripts/acceptance_epilepsy_cloud_trial_upload_to_export.py | projects/web-main/scripts/acceptance_epilepsy_full_page_visual_review_screenshots.mjs | projects/web-main/scripts/acceptance_epilepsy_review_waveform_performance.mjs | projects/web-main/scripts/acceptance_epilepsy_workbench_api_contract.py | projects/web-main/scripts/acceptance_lab_epilepsy_full_flow_api.py | projects/web-main/scripts/build_epilepsy_cloud_trial_owner_input_packet.mjs | projects/web-main/scripts/build_epilepsy_cloud_trial_readiness_packet.mjs | projects/web-main/scripts/e2e_epilepsy_child_page_p0.mjs | projects/web-main/scripts/e2e_epilepsy_cloud_trial_upload_to_export_browser.mjs | projects/web-main/scripts/e2e_epilepsy_deeplink_bootstrap_browser.mjs | projects/web-main/scripts/e2e_epilepsy_failure_states_browser.mjs | projects/web-main/scripts/e2e_epilepsy_lab_sync_std.mjs | projects/web-main/scripts/e2e_epilepsy_result_review_v3_gate.mjs | projects/web-main/scripts/e2e_epilepsy_timechart_lab.mjs | projects/web-main/scripts/e2e_epilepsy_workbench.mjs | projects/web-main/scripts/e2e_lab_epilepsy_full_flow_browser.mjs | projects/web-main/scripts/e2e_main_epilepsy_entry_contract.mjs | projects/web-main/scripts/e2e_main_epilepsy_entry_real_path.mjs | projects/web-main/scripts/generate_epilepsy_demo_10min_64ch.py | projects/web-main/scripts/generate_regular_epilepsy_labeled_fixture.py | projects/web-main/scripts/preflight_epilepsy_cloud_trial_target.mjs | projects/web-main/scripts/run_epilepsy_cloud_trial_acceptance.mjs | projects/web-main/scripts/start_lab_epilepsy_full_flow_local.ps1 | projects/web-main/scripts/validate_epilepsy_child_page_p0_contract.mjs | projects/web-main/scripts/validate_epilepsy_cloud_trial_v0_1_copy_governance.mjs | projects/web-main/scripts/validate_epilepsy_cloud_trial_v0_1_release_gate.mjs | projects/web-main/scripts/validate_epilepsy_cloud_trial_v0_1_spec_pack.mjs | projects/web-main/scripts/validate_epilepsy_owner_data_manifest_v0_1.mjs | projects/web-main/scripts/validate_teaching_epilepsy_protection.py,documentation
feature.epilepsy-ml,implemented-or-supporting,,,,projects/web-main/worker/tasks/epilepsy_ml.py,projects/web-main/eeg_core/analysis/epilepsy_ml.py | projects/web-main/eeg_core/resources/epilepsy_ml/model_manifest.json | projects/web-main/eeg_core/resources/epilepsy_ml/newEpilepsy/model_n1814_5s.sav | projects/web-main/eeg_core/resources/epilepsy_ml/newEpilepsy/model_n762_3s.sav | projects/web-main/eeg_core/resources/epilepsy_ml/newEpilepsy/scaler_n1814_5s.sav | projects/web-main/eeg_core/resources/epilepsy_ml/newEpilepsy/scaler_n762_3s.sav,,projects/web-main/scripts/acceptance_epilepsy_ml_feature_contract.py | projects/web-main/scripts/acceptance_epilepsy_ml_fixture_run.py | projects/web-main/scripts/acceptance_epilepsy_ml_model_smoke.py | projects/web-main/scripts/generate_epilepsy_ml_trigger_fixture.py | projects/web-main/scripts/run_he105_epilepsy_ml_chunked_regression.py | projects/web-main/scripts/validate_epilepsy_ml_assets.py,documentation
feature.erp,implemented-or-supporting,projects/web-main/frontend/research-module/erp.html,,,projects/web-main/worker/tasks/erp.py,projects/web-main/eeg_core/analysis/erp.py,,,
feature.multitaper,implemented-or-supporting,,,,,projects/web-main/eeg_core/analysis/multitaper_psd_tfr.py,,,
feature.pac-v1,implemented-or-supporting,projects/web-main/frontend/research-module/pac.html,,,,projects/web-main/eeg_core/analysis/pac.py,,,
feature.pac-v2,implemented-or-supporting,,,,,projects/web-main/eeg_core/analysis/pac_v2.py,,,
feature.psd,implemented-or-supporting,projects/web-main/frontend/research-module/psd.html,,,projects/web-main/worker/tasks/psd.py,projects/web-main/eeg_core/analysis/psd.py,,,
feature.qc,historical-candidate;implemented-or-supporting,projects/web-main/frontend/qc-lab.css | projects/web-main/frontend/qc-lab.html | projects/web-main/frontend/qc-lab.js | projects/web-main/frontend/qc-lab.js.bak-e2e-fix-20260625021843,projects/web-main/backend/api/lab_edf_reviewer.py,projects/web-main/backend/services/lab_edf_reviewer_service.py,,projects/web-main/eeg_core/preprocess/qc_preview.py | projects/web-main/eeg_core/preprocess/quality.py,,,
feature.reference-csd,implemented-or-supporting,projects/web-main/frontend/research-module/source_localization.html,,,,projects/web-main/eeg_core/analysis/reference_csd.py,,projects/web-main/scripts/acceptance_source_localization_preview.py,
feature.statistics,implemented-or-supporting,,,,,projects/web-main/eeg_core/stats/__init__.py | projects/web-main/eeg_core/stats/group_level.py | projects/web-main/eeg_core/stats/subject_level.py,,,
feature.tfr,implemented-or-supporting,projects/web-main/frontend/research-module/tfr.html,,,,projects/web-main/eeg_core/analysis/tfr.py | projects/web-main/eeg_core/analysis/time_frequency.py,,,
feature.waveform-workbench,implemented-or-supporting,projects/web-main/frontend/assets/waveform-workbench/README.md | projects/web-main/frontend/waveform-workbench-adapter.js | projects/web-main/frontend/waveform-workbench.css | projects/web-main/frontend/waveform-workbench.html | projects/web-main/frontend/waveform-workbench.js,,projects/web-main/backend/services/waveform_chunk_service.py,,,,,
governance.web-docs,historical-candidate;implemented-or-supporting,,,,,,,,documentation
lab.demo,lab-or-demo,projects/web-main/frontend/assets/research-modules/figures/connectivity-network-preview-publication.png | projects/web-main/frontend/assets/research-modules/figures/pac-comodulogram-preview-publication.png | projects/web-main/frontend/assets/research-modules/figures/tfr-ersp-itc-preview-publication.png | projects/web-main/frontend/assets/research-modules/reproducibility/caption_connectivity_preview.txt | projects/web-main/frontend/assets/research-modules/reproducibility/caption_pac_preview.txt | projects/web-main/frontend/assets/research-modules/reproducibility/caption_tfr_preview.txt | projects/web-main/frontend/assets/research-modules/reproducibility/methods_connectivity_preview.txt | projects/web-main/frontend/assets/research-modules/reproducibility/methods_pac_preview.txt | projects/web-main/frontend/assets/research-modules/reproducibility/methods_tfr_preview.txt | projects/web-main/frontend/assets/research-modules/reproducibility/summary_connectivity_preview.json | projects/web-main/frontend/assets/research-modules/reproducibility/summary_pac_preview.json | projects/web-main/frontend/assets/research-modules/reproducibility/summary_tfr_preview.json | projects/web-main/frontend/assets/research-modules/tables/connectivity_edges_preview.csv | projects/web-main/frontend/assets/research-modules/tables/pac_cfc_summary_preview.csv | projects/web-main/frontend/assets/research-modules/tables/tfr_roi_summary_preview.csv | projects/web-main/frontend/expert-entry-demo.html | projects/web-main/frontend/open-design-entry-demo.css | projects/web-main/frontend/open-design-entry-demo.html | projects/web-main/frontend/staging-subview-ui-prototype.html | projects/web-main/frontend/standalone-lab.html,projects/web-main/backend/api/lab_demo.py,projects/web-main/backend/services/lab_demo_service.py,,,,projects/web-main/scripts/acceptance_data_preparation_auto_preview.mjs | projects/web-main/scripts/acceptance_lab_demo_backend.py | projects/web-main/scripts/acceptance_lab_preview_delivery_boundary.py | projects/web-main/scripts/acceptance_module_lab_preview_selectors.py | projects/web-main/scripts/acceptance_qc_preview_service.py | projects/web-main/scripts/e2e_teaching_waveform_preview.mjs,
lab.module-lab,lab-or-demo,projects/web-main/frontend/module-lab.css | projects/web-main/frontend/module-lab.html | projects/web-main/frontend/module-lab.js | projects/web-main/frontend/research-modules.html | projects/web-main/frontend/research-modules.js,,,,,,,
platform.accounts,implemented-or-supporting,,projects/web-main/backend/api/accounts.py,projects/web-main/backend/services/account_service.py,,,,,
platform.admin,implemented-or-supporting,,projects/web-main/backend/api/admin.py,,,,,,
platform.api-other,implemented-or-supporting,,projects/web-main/backend/api/__init__.py | projects/web-main/backend/api/data_crud.py | projects/web-main/backend/api/health.py | projects/web-main/backend/api/teaching_data.py,,,,,,
platform.artifacts,implemented-or-supporting,,projects/web-main/backend/api/artifacts.py,,,,,,model-contract
platform.billing,implemented-or-supporting,,projects/web-main/backend/api/billing.py,projects/web-main/backend/services/billing_service.py | projects/web-main/backend/services/invoice_service.py | projects/web-main/backend/services/quota_service.py,,,,,
platform.delivery,implemented-or-supporting,,,projects/web-main/backend/services/customer_delivery_service.py,,,,,
platform.deployment,implemented-or-supporting,,,,,,,,support
platform.eeg-files,implemented-or-supporting,,projects/web-main/backend/api/eeg_files.py,,,,,,model-contract
platform.frontend-shell,historical-candidate;implemented-or-supporting,projects/web-main/frontend/app.js | projects/web-main/frontend/index.html | projects/web-main/frontend/index.html.bak-corrupt-current-20260701 | projects/web-main/frontend/index.html.bak-mojibake-20260701 | projects/web-main/frontend/styles.css | projects/web-main/frontend/styles.css.bak-e2e-fix-20260625021843,,,,,,,
platform.frontend-support,implemented-or-supporting,projects/web-main/frontend/DEPLOY.md | projects/web-main/frontend/Dockerfile | projects/web-main/frontend/favicon.ico | projects/web-main/frontend/lab-edf-reviewer.css | projects/web-main/frontend/lab-edf-reviewer.html | projects/web-main/frontend/lab-edf-reviewer.js | projects/web-main/frontend/nginx.conf | projects/web-main/frontend/package-lock.json | projects/web-main/frontend/package.json | projects/web-main/frontend/research-module/qc.html | projects/web-main/frontend/research-modules.css | projects/web-main/frontend/timechart-eeg-benchmark.css | projects/web-main/frontend/timechart-eeg-benchmark.html | projects/web-main/frontend/timechart-eeg-benchmark.js | projects/web-main/frontend/vendor/lucide.min.js | projects/web-main/frontend/workbench-spacious-overrides.css,,,,,,,
platform.governance,implemented-or-supporting,,,projects/web-main/backend/services/audit_service.py | projects/web-main/backend/services/backup_service.py | projects/web-main/backend/services/readiness_service.py,,,,,model-contract
platform.models,implemented-or-supporting,,,,,,,,model-contract
platform.projects,implemented-or-supporting,,projects/web-main/backend/api/projects.py,,,,,,model-contract
platform.reports,implemented-or-supporting,,projects/web-main/backend/api/reports.py,projects/web-main/backend/services/report_service.py,projects/web-main/worker/tasks/report.py,projects/web-main/eeg_core/report/__init__.py | projects/web-main/eeg_core/report/html_report.py | projects/web-main/eeg_core/report/method_text.py | projects/web-main/eeg_core/report/pdf_report.py | projects/web-main/eeg_core/report/reproducibility.py,,,model-contract
platform.scripts-acceptance,implemented-or-supporting,,projects/web-main/scripts/acceptance_data_prep_task_billing_guards.py | projects/web-main/scripts/acceptance_delivery_policy_guards.py,,,,,projects/web-main/scripts/acceptance_07a_review_system_packet.py | projects/web-main/scripts/acceptance_aliyun_storage_contract.py | projects/web-main/scripts/acceptance_aliyun_v1_contracts.py | projects/web-main/scripts/acceptance_analysis_module_contract.py | projects/web-main/scripts/acceptance_analysis_workflow_framework.py | projects/web-main/scripts/acceptance_audit_quota_contract.py | projects/web-main/scripts/acceptance_backend_security_p1_guards.py | projects/web-main/scripts/acceptance_backup_restore_drill.py | projects/web-main/scripts/acceptance_bacon_p1_frontend_guards.mjs | projects/web-main/scripts/acceptance_band_power_backend.py | projects/web-main/scripts/acceptance_checkpoint_packet_access.py | projects/web-main/scripts/acceptance_click_only_user_journey.mjs | projects/web-main/scripts/acceptance_connectivity_module.py | projects/web-main/scripts/acceptance_cro_traceability_contract.py | projects/web-main/scripts/acceptance_csd_dual_path_current_slice.py | projects/web-main/scripts/acceptance_current_available_modules_9_methods.mjs | projects/web-main/scripts/acceptance_current_business_ui_review.mjs | projects/web-main/scripts/acceptance_current_modules_teaching_mode_static.mjs | projects/web-main/scripts/acceptance_customer_api_no_internal_paths.py | projects/web-main/scripts/acceptance_customer_login_demo.mjs | projects/web-main/scripts/acceptance_customer_pages_user_copy_governance.mjs | projects/web-main/scripts/acceptance_customer_preset_analysis.mjs | projects/web-main/scripts/acceptance_customer_sidebar_navigation_governance.mjs | projects/web-main/scripts/acceptance_customer_workspace_color_browser_offline.mjs | projects/web-main/scripts/acceptance_customer_workspace_color_governance.mjs | projects/web-main/scripts/acceptance_customer_workspace_final_ux_governance.mjs | projects/web-main/scripts/acceptance_data_prep_analysis_entry_consistency_e2e.mjs | projects/web-main/scripts/acceptance_data_prep_analysis_entry_consistency_static.mjs | projects/web-main/scripts/acceptance_data_prep_task_billing_guards.py | projects/web-main/scripts/acceptance_data_preparation_api.py | projects/web-main/scripts/acceptance_data_preparation_plan.py | projects/web-main/scripts/acceptance_data_preparation_ux_repair_browser.mjs | projects/web-main/scripts/acceptance_data_preparation_ux_repair_static.mjs | projects/web-main/scripts/acceptance_delivery_policy_guards.py | projects/web-main/scripts/acceptance_edf_upload_to_results_ui_only.mjs | projects/web-main/scripts/acceptance_formal_task_rejects_teaching_input.py | projects/web-main/scripts/acceptance_full_product_ui_scroll_review.mjs | projects/web-main/scripts/acceptance_large_uploads.py | projects/web-main/scripts/acceptance_main_workbench_direct_method_clickthrough_e2e.mjs | projects/web-main/scripts/acceptance_main_workbench_direct_method_entries_9_methods.mjs | projects/web-main/scripts/acceptance_mainline_eeg_contract_mapping_consumption.py | projects/web-main/scripts/acceptance_mainline_eeg_review_bridge.py | projects/web-main/scripts/acceptance_module_contract_registry.py | projects/web-main/scripts/acceptance_module_lab_all_scope_evidence.py | projects/web-main/scripts/acceptance_module_lab_grouped_methods_e2e.mjs | projects/web-main/scripts/acceptance_module_lab_input_source_gate.mjs | projects/web-main/scripts/acceptance_module_lab_layout_review.mjs | projects/web-main/scripts/acceptance_module_lab_live_runner.mjs | projects/web-main/scripts/acceptance_module_lab_public_demo_run.mjs | projects/web-main/scripts/acceptance_module_lab_visible_fields.mjs | projects/web-main/scripts/acceptance_module_virtual_review_objects.py | projects/web-main/scripts/acceptance_multirole_click_review_5rounds.mjs | projects/web-main/scripts/acceptance_multitaper_psd_tfr_module.py | projects/web-main/scripts/acceptance_navigation_user_center_ui_gate.mjs | projects/web-main/scripts/acceptance_ops_billing_invoice.py | projects/web-main/scripts/acceptance_ops_ui.mjs | projects/web-main/scripts/acceptance_owner_decision_packet.py | projects/web-main/scripts/acceptance_owner_input_checklist.py | projects/web-main/scripts/acceptance_p0_fixture_validator_contract.py | projects/web-main/scripts/acceptance_p0_gap_repair_contract.py | projects/web-main/scripts/acceptance_p0_ui_only_runner_contract.py | projects/web-main/scripts/acceptance_pac_beta_contract.py | projects/web-main/scripts/acceptance_pac_module.py | projects/web-main/scripts/acceptance_pac_v2_contract.py | projects/web-main/scripts/acceptance_page_visual_qa.mjs | projects/web-main/scripts/acceptance_pdf_ocr_artifact_qa.py | projects/web-main/scripts/acceptance_product_wide_ux_copy_browser.mjs | projects/web-main/scripts/acceptance_product_wide_ux_copy_governance.mjs | projects/web-main/scripts/acceptance_production_goal_matrix.py | projects/web-main/scripts/acceptance_professional_chinese_gate.py | projects/web-main/scripts/acceptance_project_cleanup_waveform_preprocessing_e2e.mjs | projects/web-main/scripts/acceptance_project_cleanup_waveform_preprocessing_static.mjs | projects/web-main/scripts/acceptance_project_data_entry_ux_browser.mjs | projects/web-main/scripts/acceptance_project_data_entry_ux_governance.mjs | projects/web-main/scripts/acceptance_project_data_preparation_ia.py | projects/web-main/scripts/acceptance_project_data_ui_visual_gate.mjs | projects/web-main/scripts/acceptance_psd_p0.py | projects/web-main/scripts/acceptance_psd_real_report_consumption.py | projects/web-main/scripts/acceptance_qc_browser_gate.mjs | projects/web-main/scripts/acceptance_qc_real_report_consumption.py | projects/web-main/scripts/acceptance_reference_csd_module.py | projects/web-main/scripts/acceptance_release_gate_summary.py | projects/web-main/scripts/acceptance_release_manifest_consistency.py | projects/web-main/scripts/acceptance_release_no_misclaim.py | projects/web-main/scripts/acceptance_release_review_gate_steps.py | projects/web-main/scripts/acceptance_report_artifact_label_readability.py | projects/web-main/scripts/acceptance_report_module_delivery_chain.py | projects/web-main/scripts/acceptance_report_release_gate.py | projects/web-main/scripts/acceptance_report_zip_contract.py | projects/web-main/scripts/acceptance_research_modules_static.mjs | projects/web-main/scripts/acceptance_results_report_readability_gate.py | projects/web-main/scripts/acceptance_review_system_all_environments.py | projects/web-main/scripts/acceptance_round006_pac_real_report_consumption.py | projects/web-main/scripts/acceptance_round006_tfr_real_report_consumption.py | projects/web-main/scripts/acceptance_round007_preprocessing_real_report_consumption.py | projects/web-main/scripts/acceptance_round008_erp_real_report_consumption.py | projects/web-main/scripts/acceptance_sanitized_review_package.py | projects/web-main/scripts/acceptance_stage_gated_review_policy.py | projects/web-main/scripts/acceptance_start_here_release_review.py | projects/web-main/scripts/acceptance_state_store_concurrency.py | projects/web-main/scripts/acceptance_subject_project_ownership.py | projects/web-main/scripts/acceptance_synthetic_edf_full_analysis_scientific_figures.py | projects/web-main/scripts/acceptance_synthetic_erp_p300.py | projects/web-main/scripts/acceptance_task_queue_capacity.py | projects/web-main/scripts/acceptance_teaching_mode_independence_static.mjs | projects/web-main/scripts/acceptance_teaching_mode_overlay_e2e.mjs | projects/web-main/scripts/acceptance_teaching_mode_protection.py | projects/web-main/scripts/acceptance_teaching_quickstart_state_e2e.mjs | projects/web-main/scripts/acceptance_tfr_module.py | projects/web-main/scripts/acceptance_utf8_text_preflight.py | projects/web-main/scripts/acceptance_v01_full.py | projects/web-main/scripts/acceptance_v01_no_group_statistics_boundary.py | projects/web-main/scripts/acceptance_v01_persistence.py | projects/web-main/scripts/acceptance_v01_ui.mjs | projects/web-main/scripts/acceptance_v01_worker_core.py | projects/web-main/scripts/acceptance_virtual_reviewer_round_005.py | projects/web-main/scripts/acceptance_virtual_reviewer_round_006.py | projects/web-main/scripts/acceptance_virtual_reviewer_round_008.py | projects/web-main/scripts/acceptance_visual_layout_design_spec.py | projects/web-main/scripts/acceptance_workflow_pages_ui_gate.mjs | projects/web-main/scripts/adversarial_security_test.py | projects/web-main/scripts/aliyun_staging_preflight.py | projects/web-main/scripts/audit_data_preparation_page_release_candidate.mjs | projects/web-main/scripts/audit_frontend_design_debt_static.mjs | projects/web-main/scripts/audit_qgcs_07_goal_completion.py | projects/web-main/scripts/audit_release_candidate_self_adversarial.mjs | projects/web-main/scripts/audit_staging_predev_gate.mjs | projects/web-main/scripts/benchmark_waveform_workbench_latency.mjs | projects/web-main/scripts/browser_research_user_copy_sweep.mjs | projects/web-main/scripts/build_07a_review_system_packet.py | projects/web-main/scripts/build_aliyun_owner_input_checklist.py | projects/web-main/scripts/build_current_modules_teaching_mode_acceptance_packet.py | projects/web-main/scripts/build_current_modules_teaching_mode_docs.py | projects/web-main/scripts/build_customer_oddball_case_assets.py | projects/web-main/scripts/build_data_prep_analysis_entry_consistency_acceptance_packet.py | projects/web-main/scripts/build_data_prep_analysis_entry_consistency_docs.py | projects/web-main/scripts/build_full_product_e2e_acceptance_packet.py | projects/web-main/scripts/build_full_product_e2e_pdca_packet.py | projects/web-main/scripts/build_module_lab_mainline_acceptance_packet.py | projects/web-main/scripts/build_p0_synthetic_fixtures.py | projects/web-main/scripts/build_pac_beta_synthetic_fixture.py | projects/web-main/scripts/build_real_dataset_owner_review_packet.py | projects/web-main/scripts/build_release_gate_summary.py | projects/web-main/scripts/build_sanitized_evidence_bundle.py | projects/web-main/scripts/build_sanitized_review_package.py | projects/web-main/scripts/build_teaching_mode_independent_acceptance_packet.py | projects/web-main/scripts/build_user_test_coverage_matrix.py | projects/web-main/scripts/check_no_mojibake.py | projects/web-main/scripts/check_running_backend_contract.py | projects/web-main/scripts/e2e_all_pages_customer_teaching_ui_gate.mjs | projects/web-main/scripts/e2e_customer_analysis_complexity_gate.mjs | projects/web-main/scripts/e2e_customer_demo_p0_ui_fix.mjs | projects/web-main/scripts/e2e_data_prep_interaction_controls_state_matrix.mjs | projects/web-main/scripts/e2e_data_preparation_workbench.mjs | projects/web-main/scripts/e2e_edfbrowser_canvas_interaction.mjs | projects/web-main/scripts/e2e_main_data_prep_canvas_chunk_interaction.mjs | projects/web-main/scripts/e2e_main_data_prep_waveform_visible.mjs | projects/web-main/scripts/e2e_project_list_empty_and_delete.mjs | projects/web-main/scripts/e2e_teaching_mode_independence.mjs | projects/web-main/scripts/e2e_teaching_sandbox_analysis.mjs | projects/web-main/scripts/e2e_teaching_sandbox_mode.mjs | projects/web-main/scripts/e2e_teaching_user_logic_journey.mjs | projects/web-main/scripts/e2e_timechart_eeg_benchmark.mjs | projects/web-main/scripts/e2e_user_level_adversarial_acceptance.mjs | projects/web-main/scripts/e2e_waveform_interaction.mjs | projects/web-main/scripts/e2e_waveform_ui_cleanup.mjs | projects/web-main/scripts/e2e_waveform_workbench_dual_mode_contract.mjs | projects/web-main/scripts/e2e_waveform_workbench_module.mjs | projects/web-main/scripts/full_ui_review.mjs | projects/web-main/scripts/generate_module_lab_grouped_methods_edf.py | projects/web-main/scripts/generate_module_virtual_review_objects.py | projects/web-main/scripts/generate_multiple_teaching_demos.py | projects/web-main/scripts/generate_research_module_assets.py | projects/web-main/scripts/generate_teaching_demo_10min.py | projects/web-main/scripts/generate_teaching_oddball_case.py | projects/web-main/scripts/inventory_latest_edf_e2e_report_zip.py | projects/web-main/scripts/launch_v01_merge9_virtual_users_10rounds.py | projects/web-main/scripts/launch_v01_public_virtual_users.py | projects/web-main/scripts/launch_v01_virtual_users.py | projects/web-main/scripts/lib/playwright_runtime.mjs | projects/web-main/scripts/module_evidence_contract_adapter.py | projects/web-main/scripts/probe_app_shell_temp.mjs | projects/web-main/scripts/probe_login_shell_state.mjs | projects/web-main/scripts/refresh_release_readiness_manifest.py | projects/web-main/scripts/render_aliyun_nginx_config.py | projects/web-main/scripts/report_zip_evidence_matrix.py | projects/web-main/scripts/review_customer_level_ui_waveform_page.mjs | projects/web-main/scripts/review_main_workbench_design_cleanup_viewports.mjs | projects/web-main/scripts/review_waveform_workbench_viewport_matrix.mjs | projects/web-main/scripts/run_full_product_backend_api_smoke.py | projects/web-main/scripts/run_full_product_e2e_preflight.py | projects/web-main/scripts/run_full_product_method_source_comparison.py | projects/web-main/scripts/run_module_lab_acceptance_stack.py | projects/web-main/scripts/run_real_dataset_regression_from_manifest.py | projects/web-main/scripts/run_release_review_gate.py | projects/web-main/scripts/run_strict_cloud_gate_sequence.py | projects/web-main/scripts/run_v01_acceptance.ps1 | projects/web-main/scripts/smoke_v01_api.py | projects/web-main/scripts/ui_three_round_coverage.mjs | projects/web-main/scripts/validate_aliyun_evidence_templates.py | projects/web-main/scripts/validate_checkpoint_packet_access.py | projects/web-main/scripts/validate_edfbrowser_waveform_interaction_contract.mjs | projects/web-main/scripts/validate_epoch_set_artifact.py | projects/web-main/scripts/validate_owner_cloudops_closure_pack.py | projects/web-main/scripts/validate_owner_review_final_index.py | projects/web-main/scripts/validate_p0_module_artifacts.py | projects/web-main/scripts/validate_pac_beta_artifacts.py | projects/web-main/scripts/validate_research_user_copy_governance.mjs | projects/web-main/scripts/validate_vr_eo_0001.mjs | projects/web-main/scripts/validate_vr_itc_0009_pdf_boundary.py | projects/web-main/scripts/validate_waveform_canvas_contract.mjs | projects/web-main/scripts/verify_p1_live_ui.mjs | projects/web-main/scripts/verify_p1_live_wiring.mjs | projects/web-main/scripts/virtual_reviewer_p0_ui_only_runner.mjs | projects/web-main/scripts/virtual_reviewer_pac_beta_ui_only_runner.mjs | projects/web-main/scripts/virtual_reviewer_vr_itc_0001.mjs | projects/web-main/scripts/write_checkpoint_packet.py | projects/web-main/scripts/write_waveform_canvas_acceptance_packet.mjs,
platform.services-other,implemented-or-supporting,,,projects/web-main/backend/services/__init__.py | projects/web-main/backend/services/data_source_policy.py | projects/web-main/backend/services/metadata_service.py | projects/web-main/backend/services/module_contract_service.py | projects/web-main/backend/services/product_catalog.py | projects/web-main/backend/services/teaching_data_service.py,,,,,
platform.storage,implemented-or-supporting,,,projects/web-main/backend/services/object_storage_service.py | projects/web-main/backend/services/state_store.py | projects/web-main/backend/services/storage_service.py,,,,,
platform.subjects,implemented-or-supporting,,projects/web-main/backend/api/subjects.py,,,,,,model-contract
platform.tasks,implemented-or-supporting,,projects/web-main/backend/api/tasks.py,projects/web-main/backend/services/task_service.py,,,,,model-contract
platform.templates,implemented-or-supporting,,projects/web-main/backend/api/templates.py,,,,,,
platform.web-support,implemented-or-supporting,,projects/web-main/backend/main.py,,,projects/web-main/eeg_core/__init__.py,,,documentation;support
platform.worker-other,implemented-or-supporting,,,,projects/web-main/worker/__init__.py | projects/web-main/worker/celery_app.py | projects/web-main/worker/tasks/__init__.py | projects/web-main/worker/tasks/metadata.py | projects/web-main/worker/tasks/preprocess.py,,,,
platform.workflow,implemented-or-supporting,,projects/web-main/backend/api/workflow.py,,,projects/web-main/eeg_core/workflow/__init__.py | projects/web-main/eeg_core/workflow/runner.py | projects/web-main/eeg_core/workflow/schema.py,,,
research.qeeg-64ch,internal_validation,,,,,projects/qeeg-64ch-research/src/qlanalyser_eeg64/__init__.py | projects/qeeg-64ch-research/src/qlanalyser_eeg64/__main__.py | projects/qeeg-64ch-research/src/qlanalyser_eeg64/aperiodic.py | projects/qeeg-64ch-research/src/qlanalyser_eeg64/complexity.py | projects/qeeg-64ch-research/src/qlanalyser_eeg64/connectivity.py | projects/qeeg-64ch-research/src/qlanalyser_eeg64/coupling.py | projects/qeeg-64ch-research/src/qlanalyser_eeg64/expanded_report.py | projects/qeeg-64ch-research/src/qlanalyser_eeg64/gfp.py | projects/qeeg-64ch-research/src/qlanalyser_eeg64/historical_exports.py | projects/qeeg-64ch-research/src/qlanalyser_eeg64/io.py | projects/qeeg-64ch-research/src/qlanalyser_eeg64/microstates.py | projects/qeeg-64ch-research/src/qlanalyser_eeg64/pipeline.py | projects/qeeg-64ch-research/src/qlanalyser_eeg64/preprocess.py | projects/qeeg-64ch-research/src/qlanalyser_eeg64/qc.py | projects/qeeg-64ch-research/src/qlanalyser_eeg64/registry.py | projects/qeeg-64ch-research/src/qlanalyser_eeg64/report.py | projects/qeeg-64ch-research/src/qlanalyser_eeg64/spatial.py | projects/qeeg-64ch-research/src/qlanalyser_eeg64/spectral.py,,projects/qeeg-64ch-research/tests/test_alpha_spectral_dispersion.py | projects/qeeg-64ch-research/tests/test_expanded_report_microstate_information.py | projects/qeeg-64ch-research/tests/test_gfp_peak_export.py | projects/qeeg-64ch-research/tests/test_gfp_retained_intervals.py | projects/qeeg-64ch-research/tests/test_historical_exports_contract.py | projects/qeeg-64ch-research/tests/test_microstate_information.py | projects/qeeg-64ch-research/tests/test_microstate_sequence_dynamics.py | projects/qeeg-64ch-research/tests/test_microstate_sequence_exports.py | projects/qeeg-64ch-research/tests/test_qc_source_time_mapping.py | projects/qeeg-64ch-research/tests/test_recovered_methods.py | projects/qeeg-64ch-research/tests/test_report_contract.py | projects/qeeg-64ch-research/tests/test_report_qc_config.py | projects/qeeg-64ch-research/tests/test_saved_microstate_upgrade.py | projects/qeeg-64ch-research/tests/test_saved_report_refresh.py | projects/qeeg-64ch-research/tests/test_spectral_recovery.py,documentation;support
research.spike-analysis,placeholder,,,,,,,,documentation;support
shared.eeg-io,implemented-or-supporting,,,,,projects/web-main/eeg_core/io/__init__.py | projects/web-main/eeg_core/io/metadata.py | projects/web-main/eeg_core/io/readers.py | projects/web-main/eeg_core/io/streaming_reader.py,,,
shared.preprocessing,implemented-or-supporting,,,,,projects/web-main/eeg_core/preprocess/__init__.py | projects/web-main/eeg_core/preprocess/filter.py | projects/web-main/eeg_core/preprocess/rereference.py | projects/web-main/eeg_core/preprocess/resample.py,,,
